{"v":"5.6.10","fr":30,"ip":0,"op":136,"w":95,"h":95,"nm":"合成 1","ddd":0,"assets":[{"id":"image_0","w":88,"h":92,"u":"images/","p":"send_money.png","e":0},{"id":"image_1","w":73,"h":72,"u":"images/","p":"coin-1.png","e":0},{"id":"image_2","w":34,"h":21,"u":"images/","p":"star.png","e":0},{"id":"image_3","w":73,"h":72,"u":"images/","p":"coin-1_0.png","e":0},{"id":"image_4","w":66,"h":72,"u":"images/","p":"Coin_3.png","e":0},{"id":"image_5","w":42,"h":72,"u":"images/","p":"Coin_4.png","e":0},{"id":"image_6","w":16,"h":72,"u":"images/","p":"Coin_5.png","e":0},{"id":"image_7","w":44,"h":72,"u":"images/","p":"Coin_6.png","e":0}],"layers":[{"ddd":0,"ind":1,"ty":2,"nm":"send money.png","cl":"png","refId":"image_0","sr":1,"ks":{"o":{"a":1,"k":[{"i":{"x":[0.667],"y":[1]},"o":{"x":[0.167],"y":[0]},"t":0,"s":[100],"e":[100]},{"i":{"x":[0.833],"y":[0.833]},"o":{"x":[0.167],"y":[0.167]},"t":23,"s":[100],"e":[0]},{"i":{"x":[0.667],"y":[1]},"o":{"x":[0.167],"y":[0]},"t":24,"s":[0],"e":[0]},{"i":{"x":[0.667],"y":[1]},"o":{"x":[0.167],"y":[0.167]},"t":103,"s":[0],"e":[73]},{"i":{"x":[0.667],"y":[1]},"o":{"x":[0.167],"y":[0]},"t":121,"s":[73],"e":[73]},{"t":135}],"ix":11},"r":{"a":0,"k":0,"ix":10},"p":{"a":1,"k":[{"i":{"x":0.596,"y":0.381},"o":{"x":0.255,"y":0},"t":0,"s":[49.375,48.375,0],"e":[49.263,48.375,0],"to":[-0.028,0,0],"ti":[0.046,0,0]},{"i":{"x":0.667,"y":1},"o":{"x":0.247,"y":0.284},"t":10,"s":[49.263,48.375,0],"e":[47.875,48.375,0],"to":[-0.355,0,0],"ti":[0.222,0,0]},{"i":{"x":0.667,"y":0.667},"o":{"x":0.333,"y":0.333},"t":103,"s":[47.875,48.375,0],"e":[47.875,48.375,0],"to":[0,0,0],"ti":[0,0,0]},{"i":{"x":0.667,"y":1},"o":{"x":0.167,"y":0.167},"t":121,"s":[47.875,48.375,0],"e":[47.875,48.875,0],"to":[0,0.083,0],"ti":[0,-0.083,0]},{"t":135}],"ix":2},"a":{"a":0,"k":[44,46,0],"ix":1},"s":{"a":1,"k":[{"i":{"x":[0.667,0.667,0.667],"y":[1,1,1]},"o":{"x":[0.191,0.191,0.191],"y":[0.148,0.148,-0.921]},"t":0,"s":[100,100,100],"e":[48.556,48.556,100]},{"i":{"x":[0.704,0.704,0.704],"y":[1,1,1]},"o":{"x":[0.333,0.333,0.333],"y":[0,0,0]},"t":10,"s":[48.556,48.556,100],"e":[8,8,100]},{"i":{"x":[0.667,0.667,0.667],"y":[1,1,1]},"o":{"x":[0.167,0.167,0.167],"y":[0.61,0.61,3.707]},"t":23,"s":[8,8,100],"e":[18.947,18.947,100]},{"i":{"x":[0.667,0.667,0.667],"y":[1,1,1]},"o":{"x":[0.34,0.34,0.34],"y":[0.02,0.02,0.349]},"t":103,"s":[18.947,18.947,100],"e":[50,50,100]},{"i":{"x":[0.667,0.667,0.667],"y":[1,1,1]},"o":{"x":[0.333,0.333,0.333],"y":[0,0,0]},"t":121,"s":[50,50,100],"e":[100,100,100]},{"t":135}],"ix":6}},"ao":0,"ip":0,"op":140,"st":0,"bm":0},{"ddd":0,"ind":2,"ty":2,"nm":"coin-1.png","cl":"png","refId":"image_1","sr":1,"ks":{"o":{"a":1,"k":[{"i":{"x":[0.833],"y":[0.833]},"o":{"x":[0.167],"y":[0.167]},"t":23,"s":[12],"e":[100]},{"i":{"x":[0.833],"y":[0.833]},"o":{"x":[0.167],"y":[0.167]},"t":34,"s":[100],"e":[100]},{"t":35}],"ix":11},"r":{"a":0,"k":0,"ix":10},"p":{"a":0,"k":[47.5,47.5,0],"ix":2},"a":{"a":0,"k":[36.5,36,0],"ix":1},"s":{"a":1,"k":[{"i":{"x":[0.833,0.833,0.833],"y":[0.833,0.833,0.833]},"o":{"x":[0.167,0.167,0.167],"y":[0.167,0.167,0.167]},"t":23,"s":[1,1,100],"e":[100,100,100]},{"i":{"x":[0.833,0.833,0.833],"y":[0.833,0.833,0.833]},"o":{"x":[0.167,0.167,0.167],"y":[0.167,0.167,0.167]},"t":34,"s":[100,100,100],"e":[100,100,100]},{"t":35}],"ix":6}},"ao":0,"ip":23,"op":38,"st":2,"bm":0},{"ddd":0,"ind":3,"ty":2,"nm":"star.png","cl":"png","refId":"image_2","sr":1,"ks":{"o":{"a":1,"k":[{"i":{"x":[0.833],"y":[0.833]},"o":{"x":[0.167],"y":[0.167]},"t":23,"s":[0],"e":[100]},{"i":{"x":[0.833],"y":[0.833]},"o":{"x":[0.167],"y":[0.167]},"t":31,"s":[100],"e":[100]},{"i":{"x":[0.833],"y":[0.833]},"o":{"x":[0.167],"y":[0.167]},"t":51,"s":[100],"e":[100]},{"i":{"x":[0.833],"y":[0.833]},"o":{"x":[0.167],"y":[0.167]},"t":58,"s":[100],"e":[100]},{"i":{"x":[0.833],"y":[0.833]},"o":{"x":[0.167],"y":[0.167]},"t":65,"s":[100],"e":[100]},{"i":{"x":[0.833],"y":[0.833]},"o":{"x":[0.167],"y":[0.167]},"t":80,"s":[100],"e":[91.111]},{"i":{"x":[0.833],"y":[0.833]},"o":{"x":[0.167],"y":[0.167]},"t":87,"s":[91.111],"e":[43]},{"i":{"x":[0.833],"y":[0.833]},"o":{"x":[0.167],"y":[0.167]},"t":95,"s":[43],"e":[15]},{"t":103}],"ix":11},"r":{"a":0,"k":0,"ix":10},"p":{"a":1,"k":[{"i":{"x":0.833,"y":0.833},"o":{"x":0.297,"y":0},"t":23,"s":[46.859,43,0],"e":[77.109,11.25,0],"to":[1.905,-2.068,0],"ti":[-3.097,3.325,0]},{"t":31}],"ix":2},"a":{"a":0,"k":[17,10.5,0],"ix":1},"s":{"a":1,"k":[{"i":{"x":[0.583,0.583,0.583],"y":[-3.4,-3.4,-2.734]},"o":{"x":[0.167,0.167,0.167],"y":[0,0,0]},"t":23,"s":[34,34,100],"e":[64,64,100]},{"i":{"x":[0.833,0.833,0.833],"y":[1,1,1]},"o":{"x":[0.417,0.417,0.417],"y":[-3.3,-3.3,3.267]},"t":31,"s":[64,64,100],"e":[29,29,100]},{"i":{"x":[0.833,0.833,0.833],"y":[1,1,1]},"o":{"x":[0.167,0.167,0.167],"y":[0,0,0]},"t":38,"s":[29,29,100],"e":[88,88,100]},{"i":{"x":[0.833,0.833,0.833],"y":[1,1,1]},"o":{"x":[0.167,0.167,0.167],"y":[0,0,0]},"t":45,"s":[88,88,100],"e":[62,62,100]},{"i":{"x":[0.833,0.833,0.833],"y":[1,1,1]},"o":{"x":[0.167,0.167,0.167],"y":[0,0,0]},"t":51,"s":[62,62,100],"e":[25,25,100]},{"i":{"x":[0.833,0.833,0.833],"y":[1,1,1]},"o":{"x":[0.167,0.167,0.167],"y":[0,0,0]},"t":58,"s":[25,25,100],"e":[87,87,100]},{"i":{"x":[0.833,0.833,0.833],"y":[1,1,1]},"o":{"x":[0.167,0.167,0.167],"y":[0,0,0]},"t":65,"s":[87,87,100],"e":[27,27,100]},{"i":{"x":[0.833,0.833,0.833],"y":[1,1,1]},"o":{"x":[0.167,0.167,0.167],"y":[0,0,0]},"t":73,"s":[27,27,100],"e":[82,82,100]},{"i":{"x":[0.833,0.833,0.833],"y":[1,1,1]},"o":{"x":[0.167,0.167,0.167],"y":[0,0,0]},"t":80,"s":[82,82,100],"e":[19,19,100]},{"i":{"x":[0.833,0.833,0.833],"y":[1,1,1]},"o":{"x":[0.167,0.167,0.167],"y":[0,0,0]},"t":87,"s":[19,19,100],"e":[92,92,100]},{"i":{"x":[0.583,0.583,0.583],"y":[1.734,1.734,12.717]},"o":{"x":[0.167,0.167,0.167],"y":[0,0,0]},"t":95,"s":[92,92,100],"e":[7.5,7.5,100]},{"t":103}],"ix":6}},"ao":0,"ip":23,"op":127,"st":13,"bm":0},{"ddd":0,"ind":4,"ty":2,"nm":"coin-1.png","cl":"png","refId":"image_3","sr":1,"ks":{"o":{"a":1,"k":[{"i":{"x":[0.833],"y":[0.833]},"o":{"x":[0.167],"y":[0.167]},"t":38,"s":[100],"e":[100]},{"t":49}],"ix":11},"r":{"a":0,"k":0,"ix":10},"p":{"a":1,"k":[{"i":{"x":0.833,"y":0.833},"o":{"x":0.167,"y":0.167},"t":38,"s":[47.5,47.5,0],"e":[47.5,47.5,0],"to":[0,0,0],"ti":[0,0,0]},{"t":49}],"ix":2},"a":{"a":0,"k":[36.5,36,0],"ix":1},"s":{"a":0,"k":[100,100,100],"ix":6}},"ao":0,"ip":38,"op":52,"st":18,"bm":0},{"ddd":0,"ind":5,"ty":2,"nm":"Coin 3.png","cl":"png","refId":"image_4","sr":1,"ks":{"o":{"a":1,"k":[{"i":{"x":[0.833],"y":[0.833]},"o":{"x":[0.167],"y":[0.167]},"t":53,"s":[100],"e":[100]},{"t":62}],"ix":11},"r":{"a":0,"k":0,"ix":10},"p":{"a":1,"k":[{"i":{"x":0.833,"y":0.833},"o":{"x":0.167,"y":0.167},"t":53,"s":[47.5,47.5,0],"e":[47.5,47.5,0],"to":[0,0,0],"ti":[0,0,0]},{"t":62}],"ix":2},"a":{"a":0,"k":[33,36,0],"ix":1},"s":{"a":0,"k":[100,100,100],"ix":6}},"ao":0,"ip":52,"op":65,"st":41,"bm":0},{"ddd":0,"ind":6,"ty":2,"nm":"Coin 4.png","cl":"png","refId":"image_5","sr":1,"ks":{"o":{"a":1,"k":[{"i":{"x":[0.833],"y":[0.833]},"o":{"x":[0.167],"y":[0.167]},"t":65,"s":[100],"e":[100]},{"i":{"x":[0.833],"y":[0.833]},"o":{"x":[0.167],"y":[0.167]},"t":76,"s":[100],"e":[1]},{"t":77}],"ix":11},"r":{"a":0,"k":0,"ix":10},"p":{"a":1,"k":[{"i":{"x":0.833,"y":0.833},"o":{"x":0.167,"y":0.167},"t":65,"s":[47.5,47.5,0],"e":[47.5,47.5,0],"to":[0,0,0],"ti":[0,0,0]},{"t":76}],"ix":2},"a":{"a":0,"k":[21,36,0],"ix":1},"s":{"a":0,"k":[100,100,100],"ix":6}},"ao":0,"ip":65,"op":78,"st":49,"bm":0},{"ddd":0,"ind":7,"ty":2,"nm":"Coin 5.png","cl":"png","refId":"image_6","sr":1,"ks":{"o":{"a":1,"k":[{"i":{"x":[0.833],"y":[0.833]},"o":{"x":[0.167],"y":[0.167]},"t":78,"s":[100],"e":[100]},{"t":89}],"ix":11},"r":{"a":0,"k":0,"ix":10},"p":{"a":1,"k":[{"i":{"x":0.833,"y":0.833},"o":{"x":0.167,"y":0.167},"t":78,"s":[47.5,47.5,0],"e":[47.5,47.5,0],"to":[0,0,0],"ti":[0,0,0]},{"t":89}],"ix":2},"a":{"a":0,"k":[8,36,0],"ix":1},"s":{"a":0,"k":[100,100,100],"ix":6}},"ao":0,"ip":78,"op":92,"st":59,"bm":0},{"ddd":0,"ind":8,"ty":2,"nm":"Coin 6.png","cl":"png","refId":"image_7","sr":1,"ks":{"o":{"a":1,"k":[{"i":{"x":[0.667],"y":[1]},"o":{"x":[0.167],"y":[0.167]},"t":92,"s":[100],"e":[0]},{"t":106}],"ix":11},"r":{"a":0,"k":0,"ix":10},"p":{"a":0,"k":[47.5,47.5,0],"ix":2},"a":{"a":0,"k":[22,36,0],"ix":1},"s":{"a":1,"k":[{"i":{"x":[0.833,0.833,0.833],"y":[0.833,0.833,0.833]},"o":{"x":[0.167,0.167,0.167],"y":[0.167,0.167,0.167]},"t":92,"s":[100,100,100],"e":[20,20,100]},{"t":106}],"ix":6}},"ao":0,"ip":92,"op":108,"st":69,"bm":0}],"markers":[]}